3B05	0.
4A10	0.
4B03	0.
4E07	0.
4F10	0.
5C01	0.
6B07	0.
A1R12	0.
A2M03	0.
A3M17	0.
A3R04	0.
A3R06	0.
A3R12	0.
B2M06	0.
B2M13	0.
B2M17	0.
B2R09	0.
B2R22	0.
B3M08	0.
B3R10	0.
B3R18	0.
C1M14	0.
C1R06	0.
C3M06	0.
C3M10	0.
C3R15	0.
C3R17	0.
C3R19	0.
D2M19	0.
D2R04	0.
D2R18	0.
D3R19	0.
E3M17	0.
E3M18	0.
E3R01	0.
E3R09	0.
E3R18	0.
F2R14	0.
F3M07	0.
F3R08	0.
F3R11	0.
G2R14	0.
G3M19	0.
I2M19	0.
I2R16	0.
E2M01	18.095130069046053
D2M02	26.086742456404227
E3M09	26.554329907017507
C2M11	27.507999348794485
A3R16	29.580651372472744
C2R09	30.783813898245185
E3R11	31.70810998490698
G2R10	32.04211419917819
6D03	32.74102858749956
6D02	32.92733317913269
G2M07	33.24149338415732
D2R05	33.245765326306355
C2R02	33.332350239828706
3D05	33.36159278431095
B3M02	33.5673102892037
6C06	33.63931552663762
C3R12	33.99702733945281
I3M07	34.850620109389915
3C02	34.87000068292117
1A01	36.91537776513134